idstatefrom,idaction,idstateto,idoutcome,probability,reward
0,0,0,0,0.7278545923229383,32669.35928890881
0,0,1,0,0.2014062070731565,32669.35928890881
0,0,2,0,0.064368036873369,32669.35928890881
0,0,3,0,0.00637116373053627,32669.35928890881
0,1,0,0,0.7378444295394297,29456.45855217258
0,1,1,0,0.1940130445714422,29456.45855217258
0,1,2,0,0.06200523304802164,29456.45855217258
0,1,3,0,0.006137292841106463,29456.45855217258
0,2,0,0,0.8652947902178427,23897.900108332393
0,2,1,0,0.09969106444526968,23897.900108332393
0,2,2,0,0.031860577712124416,23897.900108332393
0,2,3,0,0.003153567624763184,23897.900108332393
1,0,1,0,0.5757538833293205,17406.11228740055
1,0,2,0,0.41344762605133917,17406.11228740055
1,0,3,0,0.01079849061934041,17406.11228740055
1,1,1,0,0.5913269906672105,7594.915911755641
1,1,2,0,0.3982709066752809,7594.915911755641
1,1,3,0,0.010402102657508513,7594.915911755641
1,2,1,0,0.7900087213185546,18867.27264887809
1,2,2,0,0.20464629433419895,18867.27264887809
1,2,3,0,0.00534498434724648,18867.27264887809
2,0,2,0,0.7529530586464845,3765.0018917537527
2,0,3,0,0.24704694135351546,3765.0018917537527
2,1,2,0,0.7620215884079065,-8056.795893116974
2,1,3,0,0.23797841159209351,-8056.795893116974
2,2,2,0,0.8777179069633423,-9014.62075746281
2,2,3,0,0.12228209303665769,-9014.62075746281
3,0,3,0,1.0,0.0
3,1,3,0,1.0,0.0
3,2,3,0,1.0,0.0
0,0,0,1,0.7132670320894335,34418.707030523954
0,0,1,1,0.20272474954166547,34418.707030523954
0,0,2,1,0.07425337385082167,34418.707030523954
0,0,3,1,0.00975484451807938,34418.707030523954
0,1,0,1,0.8165624677426444,32755.750301260654
0,1,1,1,0.12969324055897372,32755.750301260654
0,1,2,1,0.0475036259703,32755.750301260654
0,1,3,1,0.006240665728081882,32755.750301260654
0,2,0,1,0.8355547933456511,22349.502088758927
0,2,1,1,0.1162653655603646,22349.502088758927
0,2,2,1,0.04258530679837818,22349.502088758927
0,2,3,1,0.005594534295606165,22349.502088758927
1,0,1,1,0.5938498852413288,19765.381909996035
1,0,2,1,0.39270953722041074,19765.381909996035
1,0,3,1,0.01344057753826073,19765.381909996035
1,1,1,1,0.7401652997202248,21812.166081349464
1,1,2,1,0.251236085360471,21812.166081349464
1,1,3,1,0.008598614919304276,21812.166081349464
1,2,1,1,0.7670674563832882,-8516.083274254706
1,2,2,1,0.2252241919509122,-8516.083274254706
1,2,3,1,0.007708351665799627,-8516.083274254706
2,0,2,1,0.7551422903627576,7303.1335469679
2,0,3,1,0.24485770963724235,7303.1335469679
2,1,2,1,0.8433521811692982,9.999408763003885
2,1,3,1,0.15664781883070178,9.999408763003885
2,2,2,1,0.8595708161652135,-7891.90109356643
2,2,3,1,0.1404291838347865,-7891.90109356643
3,0,3,1,1.0,0.0
3,1,3,1,1.0,0.0
3,2,3,1,1.0,0.0
0,0,0,2,0.7258405228198562,26768.259626523366
0,0,1,2,0.19886371331732094,26768.259626523366
0,0,2,2,0.06581935534901923,26768.259626523366
0,0,3,2,0.00947640851380363,26768.259626523366
0,1,0,2,0.7702837560708939,26314.792670107934
0,1,1,2,0.16662646772933845,26314.792670107934
0,1,2,2,0.055149562014509414,26314.792670107934
0,1,3,2,0.007940214185258285,26314.792670107934
0,2,0,2,0.8717338975555293,22407.647876774812
0,2,1,2,0.09303881699514252,22407.647876774812
0,2,2,2,0.03079372729646338,22407.647876774812
0,2,3,2,0.00443355815286485,22407.647876774812
1,0,1,2,0.5892715883140945,16936.106936496093
1,0,2,2,0.4022875731008066,16936.106936496093
1,0,3,2,0.00844083858509895,16936.106936496093
1,1,1,2,0.6558536331557927,13994.628868282445
1,1,2,2,0.337073849215693,13994.628868282445
1,1,3,2,0.0070725176285141925,13994.628868282445
1,2,1,2,0.8078398271253535,16359.896941553161
1,2,2,2,0.18821110834545585,16359.896941553161
1,2,3,2,0.003949064529190592,16359.896941553161
2,0,2,2,0.7605613851230726,-6576.284144535544
2,0,3,2,0.23943861487692739,-6576.284144535544
2,1,2,2,0.7993761155848192,-8236.483237699878
2,1,3,2,0.20062388441518075,-8236.483237699878
2,2,2,2,0.8879781278369374,-4033.7879669408285
2,2,3,2,0.1120218721630626,-4033.7879669408285
3,0,3,2,1.0,0.0
3,1,3,2,1.0,0.0
3,2,3,2,1.0,0.0
0,0,0,3,0.7266742957712361,33174.76953729162
0,0,1,3,0.19478218172081097,33174.76953729162
0,0,2,3,0.0652993286826651,33174.76953729162
0,0,3,3,0.013244193825287819,33174.76953729162
0,1,0,3,0.8205960335518251,30915.53137640821
0,1,1,3,0.12785001722668288,30915.53137640821
0,1,2,3,0.04286080083513915,30915.53137640821
0,1,3,3,0.00869314838635295,30915.53137640821
0,2,0,3,0.8732712908788591,23956.966675879237
0,2,1,3,0.0903116467546638,23956.966675879237
0,2,2,3,0.030276331506330263,23956.966675879237
0,2,3,3,0.006140730860146734,23956.966675879237
1,0,1,3,0.5606000708549934,12301.152422343232
1,0,2,3,0.42710135594499066,12301.152422343232
1,0,3,3,0.012298573200015829,12301.152422343232
1,1,1,3,0.7115891812367444,16653.510712269766
1,1,2,3,0.28033835144825553,16653.510712269766
1,1,3,3,0.008072467315000036,16653.510712269766
1,2,1,3,0.796270219203894,14899.29776987631
1,2,2,3,0.1980274912508631,14899.29776987631
1,2,3,3,0.005702289545243011,14899.29776987631
2,0,2,3,0.7456270992641216,-2700.8781935588922
2,0,3,3,0.25437290073587837,-2700.8781935588922
2,1,2,3,0.8330361665847967,-2918.950301324083
2,1,3,3,0.16696383341520332,-2918.950301324083
2,2,2,3,0.8820588446424443,-5990.15837981589
2,2,3,3,0.11794115535755566,-5990.15837981589
3,0,3,3,1.0,0.0
3,1,3,3,1.0,0.0
3,2,3,3,1.0,0.0
0,0,0,4,0.7225178776369082,29385.8280775369
0,0,1,4,0.1979896372062099,29385.8280775369
0,0,2,4,0.07142730818264868,29385.8280775369
0,0,3,4,0.008065176974233245,29385.8280775369
0,1,0,4,0.8226729133682926,29556.711126422648
0,1,1,4,0.12652680197935434,29556.711126422648
0,1,2,4,0.04564617121315099,29556.711126422648
0,1,3,4,0.005154113439202016,29556.711126422648
0,2,0,4,0.8410663491282029,21988.37752302127
0,2,1,4,0.11340267837071662,21988.37752302127
0,2,2,4,0.04091147481767752,21988.37752302127
0,2,3,4,0.004619497683402975,21988.37752302127
1,0,1,4,0.5852688735887224,13196.860976003853
1,0,2,4,0.40185909016763666,13196.860976003853
1,0,3,4,0.012872036243641057,13196.860976003853
1,1,1,4,0.7349628806508643,4177.545305751268
1,1,2,4,0.25681114548579664,4177.545305751268
1,1,3,4,0.008225973863338953,4177.545305751268
1,2,1,4,0.7624541304161347,2214.495600575545
1,2,2,4,0.23017314338106154,2214.495600575545
1,2,3,4,0.00737272620280376,2214.495600575545
2,0,2,4,0.7432218238297428,765.4351696298072
2,0,3,4,0.25677817617025717,765.4351696298072
2,1,2,4,0.8359039295825585,-16045.261006846562
2,1,3,4,0.1640960704174414,-16045.261006846562
2,2,2,4,0.8529249644791936,-14218.691234305454
2,2,3,4,0.14707503552080634,-14218.691234305454
3,0,3,4,1.0,0.0
3,1,3,4,1.0,0.0
3,2,3,4,1.0,0.0
0,0,0,5,0.7386918085602273,30195.226280229814
0,0,1,5,0.1873220549869708,30195.226280229814
0,0,2,5,0.06427878613546674,30195.226280229814
0,0,3,5,0.00970735031733529,30195.226280229814
0,1,0,5,0.800822174625676,26125.552362557515
0,1,1,5,0.14278312268505297,26125.552362557515
0,1,2,5,0.04899543626864974,26125.552362557515
0,1,3,5,0.007399266420621315,26125.552362557515
0,2,0,5,0.830933790660823,13312.968725979688
0,2,1,5,0.12119723299822922,13312.968725979688
0,2,2,5,0.04158832776335585,13312.968725979688
0,2,3,5,0.0062806485775919515,13312.968725979688
1,0,1,5,0.569873980026594,14501.541841914284
1,0,2,5,0.4184847191244971,14501.541841914284
1,0,3,5,0.011641300848908964,14501.541841914284
1,1,1,5,0.6721435909713457,11790.951434307215
1,1,2,5,0.31898302096210235,11790.951434307215
1,1,3,5,0.008873388066551977,11790.951434307215
1,2,1,5,0.7217087786862909,3651.3248631933748
1,2,2,5,0.2707593081522513,3651.3248631933748
1,2,3,5,0.007531913161457887,3651.3248631933748
2,0,2,5,0.746730459727983,-4210.469433456285
2,0,3,5,0.2532695402720171,-4210.469433456285
2,1,2,5,0.806949502857196,-6854.063534783134
2,1,3,5,0.193050497142804,-6854.063534783134
2,2,2,5,0.8361347921053018,-13892.581459685971
2,2,3,5,0.1638652078946982,-13892.581459685971
3,0,3,5,1.0,0.0
3,1,3,5,1.0,0.0
3,2,3,5,1.0,0.0
0,0,0,6,0.7094289208273832,30601.65347512863
0,0,1,6,0.20639015792710877,30601.65347512863
0,0,2,6,0.07105733030280842,30601.65347512863
0,0,3,6,0.013123590942699504,30601.65347512863
0,1,0,6,0.7937530469770306,30445.512790895977
0,1,1,6,0.14649545070900902,30445.512790895977
0,1,2,6,0.05043639548241063,30445.512790895977
0,1,3,6,0.0093151068315497,30445.512790895977
0,2,0,6,0.8874832607199948,24926.67118508469
0,2,1,6,0.07991967974090129,24926.67118508469
0,2,2,6,0.027515261086478317,24926.67118508469
0,2,3,6,0.005081798452625613,24926.67118508469
1,0,1,6,0.5689225476584615,18510.209337900866
1,0,2,6,0.4233423599246636,18510.209337900866
1,0,3,6,0.007735092416874737,18510.209337900866
1,1,1,6,0.6940218162264881,15213.21407565166
1,1,2,6,0.3004878257968195,15213.21407565166
1,1,3,6,0.005490357976692384,15213.21407565166
1,2,1,6,0.8330755096043547,15299.5698581955
1,2,2,6,0.16392925983362777,15299.5698581955
1,2,3,6,0.0029952305620175416,15299.5698581955
2,0,2,6,0.7427847268875918,9804.62376483109
2,0,3,6,0.25721527311240827,9804.62376483109
2,1,2,6,0.8174289523187878,4487.4291624776415
2,1,3,6,0.18257104768121224,4487.4291624776415
2,2,2,6,0.9003995032608477,-70.54015810495912
2,2,3,6,0.09960049673915232,-70.54015810495912
3,0,3,6,1.0,0.0
3,1,3,6,1.0,0.0
3,2,3,6,1.0,0.0
0,0,0,7,0.7248297097720385,32059.36112504252
0,0,1,7,0.19827239761391682,32059.36112504252
0,0,2,7,0.06873644782404932,32059.36112504252
0,0,3,7,0.008161444789995347,32059.36112504252
0,1,0,7,0.7554522890013725,26987.66787949867
0,1,1,7,0.1762074712009227,26987.66787949867
0,1,2,7,0.0610870489093221,26987.66787949867
0,1,3,7,0.007253190888382561,26987.66787949867
0,2,0,7,0.7668824981309361,27857.995831994172
0,2,1,7,0.16797149860566343,27857.995831994172
0,2,2,7,0.058231827973946666,27857.995831994172
0,2,3,7,0.006914175289453801,27857.995831994172
1,0,1,7,0.5777717926238067,14377.370585883906
1,0,2,7,0.40872432535535996,14377.370585883906
1,0,3,7,0.0135038820208333,14377.370585883906
1,1,1,7,0.6247598476297659,12862.02693214764
1,1,2,7,0.3632390622995927,12862.02693214764
1,1,3,7,0.012001090070641403,12862.02693214764
1,2,1,7,0.6422986477186577,10189.768554971703
1,2,2,7,0.34626119557102547,10189.768554971703
1,2,3,7,0.011440156710316765,10189.768554971703
2,0,2,7,0.7521931226546873,-367.3222129391834
2,0,3,7,0.24780687734531284,-367.3222129391834
2,1,2,7,0.7797705392747523,-371.4561453758906
2,1,3,7,0.2202294607252477,-371.4561453758906
2,2,2,7,0.7900641085022094,-5148.123527296921
2,2,3,7,0.20993589149779054,-5148.123527296921
3,0,3,7,1.0,0.0
3,1,3,7,1.0,0.0
3,2,3,7,1.0,0.0
0,0,0,8,0.7078435304993751,28918.244980195326
0,0,1,8,0.21030542525738743,28918.244980195326
0,0,2,8,0.0717079835595829,28918.244980195326
0,0,3,8,0.010143060683654701,28918.244980195326
0,1,0,8,0.8241443915214804,31501.204458180764
0,1,1,8,0.12658760762062315,31501.204458180764
0,1,2,8,0.04316266247053327,31501.204458180764
0,1,3,8,0.00610533838736311,31501.204458180764
0,2,0,8,0.8553136717993843,24271.97335292333
0,2,1,8,0.1041507649417133,24271.97335292333
0,2,2,8,0.03551235699705761,24271.97335292333
0,2,3,8,0.005023206261844859,24271.97335292333
1,0,1,8,0.59258251199088,5150.784405336806
1,0,2,8,0.3966383555361828,5150.784405336806
1,0,3,8,0.010779132472937252,5150.784405336806
1,1,1,8,0.7547661690288858,5289.743024674968
1,1,2,8,0.2387456265403206,5289.743024674968
1,1,3,8,0.006488204430793528,5289.743024674968
1,2,1,8,0.7982322948880245,463.5645743955247
1,2,2,8,0.19642949336070717,463.5645743955247
1,2,3,8,0.005338211751268365,463.5645743955247
2,0,2,8,0.7528229105571105,583.9439474524261
2,0,3,8,0.24717708944288944,583.9439474524261
2,1,2,8,0.8512185010305384,5121.280223764243
2,1,3,8,0.14878149896946155,5121.280223764243
2,2,2,8,0.8775890688029746,-3459.2880533697753
2,2,3,8,0.1224109311970254,-3459.2880533697753
3,0,3,8,1.0,0.0
3,1,3,8,1.0,0.0
3,2,3,8,1.0,0.0
0,0,0,9,0.727769634380339,28873.342929157476
0,0,1,9,0.19382749210007386,28873.342929157476
0,0,2,9,0.07020653818511295,28873.342929157476
0,0,3,9,0.008196335334474168,28873.342929157476
0,1,0,9,0.8050309185507607,26179.09524542268
0,1,1,9,0.13881760768436405,26179.09524542268
0,1,2,9,0.050281327839842696,26179.09524542268
0,1,3,9,0.005870145925032542,26179.09524542268
0,2,0,9,0.8913317686761373,24077.09428032679
0,2,1,9,0.07737156984861278,24077.09428032679
0,2,2,9,0.028024868991310122,24077.09428032679
0,2,3,9,0.0032717924839397922,24077.09428032679
1,0,1,9,0.5766080286587187,16293.480478260542
1,0,2,9,0.4136012950073809,16293.480478260542
1,0,3,9,0.009790676333900386,16293.480478260542
1,1,1,9,0.6967702572139864,15700.536688620843
1,1,2,9,0.2962177433448701,15700.536688620843
1,1,3,9,0.007011999441143538,15700.536688620843
1,2,1,9,0.8309914598334663,15872.948729100292
1,2,2,9,0.1651003226602037,15872.948729100292
1,2,3,9,0.003908217506329925,15872.948729100292
2,0,2,9,0.7341035127014541,3026.6116232866952
2,0,3,9,0.2658964872985459,3026.6116232866952
2,1,2,9,0.8095671885420532,592.8554860654694
2,1,3,9,0.1904328114579468,592.8554860654694
2,2,2,9,0.8938601102629012,-12875.975085042359
2,2,3,9,0.1061398897370988,-12875.975085042359
3,0,3,9,1.0,0.0
3,1,3,9,1.0,0.0
3,2,3,9,1.0,0.0
0,0,0,10,0.7246292655691567,35363.69646956732
0,0,1,10,0.2146617339452357,35363.69646956732
0,0,2,10,0.053006821445715266,35363.69646956732
0,0,3,10,0.007702179039892408,35363.69646956732
0,1,0,10,0.785401877566759,28204.674232702535
0,1,1,10,0.16728722156377335,28204.674232702535
0,1,2,10,0.04130854494002632,28204.674232702535
0,1,3,10,0.006002355929441282,28204.674232702535
0,2,0,10,0.8608494489406923,28320.564505767998
0,2,1,10,0.10847303229794628,28320.564505767998
0,2,2,10,0.02678544773219539,28320.564505767998
0,2,3,10,0.003892071029166105,28320.564505767998
1,0,1,10,0.5997447329146973,21817.45520952258
1,0,2,10,0.3897947464754071,21817.45520952258
1,0,3,10,0.010460520609895623,21817.45520952258
1,1,1,10,0.6880785861720073,16861.637856707828
1,1,2,10,0.3037694651933726,16861.637856707828
1,1,3,10,0.008151948634620003,16861.637856707828
1,2,1,10,0.7977427009648416,12285.449103822495
1,2,2,10,0.19697138072491122,12285.449103822495
1,2,3,10,0.0052859183102472295,12285.449103822495
2,0,2,10,0.7406616431035619,4585.166443409422
2,0,3,10,0.25933835689643814,4585.166443409422
2,1,2,10,0.7978960088844365,-1716.201575354935
2,1,3,10,0.2021039911155635,-1716.201575354935
2,2,2,10,0.8689509422722708,-12817.460212002945
2,2,3,10,0.13104905772772926,-12817.460212002945
3,0,3,10,1.0,0.0
3,1,3,10,1.0,0.0
3,2,3,10,1.0,0.0
0,0,0,11,0.7199288594196024,30095.320349889756
0,0,1,11,0.20121404913005725,30095.320349889756
0,0,2,11,0.06982967376706478,30095.320349889756
0,0,3,11,0.009027417683275564,30095.320349889756
0,1,0,11,0.7845317925714095,26033.670007365472
0,1,1,11,0.15480077806537218,26033.670007365472
0,1,2,11,0.05372233140741459,26033.670007365472
0,1,3,11,0.006945097955803755,26033.670007365472
0,2,0,11,0.8500174492845596,22813.41540536964
0,2,1,11,0.10775332390823329,22813.41540536964
0,2,2,11,0.03739490104374032,22813.41540536964
0,2,3,11,0.004834325763466774,22813.41540536964
1,0,1,11,0.5726995188393496,14696.186895589402
1,0,2,11,0.41794192817629583,14696.186895589402
1,0,3,11,0.009358552984354663,14696.186895589402
1,1,1,11,0.6712632779005306,4848.262519148306
1,1,2,11,0.3215368705493039,4848.262519148306
1,1,3,11,0.0071998515501654654,4848.262519148306
1,2,1,11,0.771173795509244,1147.194746867881
1,2,2,11,0.2238145505063778,1147.194746867881
1,2,3,11,0.005011653984378245,1147.194746867881
2,0,2,11,0.7548406509948992,2268.0362296112544
2,0,3,11,0.2451593490051007,2268.0362296112544
2,1,2,11,0.811390615416423,-6306.636403999393
2,1,3,11,0.18860938458357696,-6306.636403999393
2,2,2,11,0.8687132689954297,-10579.41918490659
2,2,3,11,0.13128673100457033,-10579.41918490659
3,0,3,11,1.0,0.0
3,1,3,11,1.0,0.0
3,2,3,11,1.0,0.0
0,0,0,12,0.7069013807536457,35346.90575859501
0,0,1,12,0.21245186497453347,35346.90575859501
0,0,2,12,0.07265646970639186,35346.90575859501
0,0,3,12,0.00799028456542883,35346.90575859501
0,1,0,12,0.7509920506746529,29799.645206633453
0,1,1,12,0.18049284354761475,29799.645206633453
0,1,2,12,0.06172679548381354,29799.645206633453
0,1,3,12,0.0067883102939187735,29799.645206633453
0,2,0,12,0.8629498199850311,24804.92077823074
0,2,1,12,0.09934051007863237,24804.92077823074
0,2,2,12,0.03397348741565933,24804.92077823074
0,2,3,12,0.0037361825206771947,24804.92077823074
1,0,1,12,0.5630138809948911,20862.308048073875
1,0,2,12,0.4249108564062561,20862.308048073875
1,0,3,12,0.012075262598852669,20862.308048073875
1,1,1,12,0.6287494712295281,8564.58587971409
1,1,2,12,0.3609917415232414,8564.58587971409
1,1,3,12,0.010258787247230493,8564.58587971409
1,2,1,12,0.7956693674378756,6359.393139097207
1,2,2,12,0.198684352422163,6359.393139097207
1,2,3,12,0.005646280139961338,6359.393139097207
2,0,2,12,0.7597106663125965,6713.925246803299
2,0,3,12,0.24028933368740343,6713.925246803299
2,1,2,12,0.795857263401289,1758.4350534977384
2,1,3,12,0.20414273659871102,1758.4350534977384
2,2,2,12,0.8876429492495973,-10181.871992137683
2,2,3,12,0.1123570507504027,-10181.871992137683
3,0,3,12,1.0,0.0
3,1,3,12,1.0,0.0
3,2,3,12,1.0,0.0
0,0,0,13,0.7067532917532039,28900.789295247072
0,0,1,13,0.2175735751125825,28900.789295247072
0,0,2,13,0.06575798144116701,28900.789295247072
0,0,3,13,0.00991515169304661,28900.789295247072
0,1,0,13,0.818303253421503,23717.047660650416
0,1,1,13,0.1348093930048075,23717.047660650416
0,1,2,13,0.04074388886020774,23717.047660650416
0,1,3,13,0.006143464713481663,23717.047660650416
0,2,0,13,0.8552362423767291,15728.30426879883
0,2,1,13,0.10740706513342603,15728.30426879883
0,2,2,13,0.0324619926479555,15728.30426879883
0,2,3,13,0.004894699841889343,15728.30426879883
1,0,1,13,0.5882050679388553,10853.691018581208
1,0,2,13,0.3902621671652505,10853.691018581208
1,0,3,13,0.02153276489589411,10853.691018581208
1,1,1,13,0.7448503348584797,13554.232500689865
1,1,2,13,0.24180788425738187,13554.232500689865
1,1,3,13,0.013341780884138437,13554.232500689865
1,2,1,13,0.7967138929136056,18103.809946842615
1,2,2,13,0.1926562726477254,18103.809946842615
1,2,3,13,0.010629834438668918,18103.809946842615
2,0,2,13,0.7433768601818653,-6026.154878650166
2,0,3,13,0.25662313981813467,-6026.154878650166
2,1,2,13,0.8409953520689751,-4909.222354257261
2,1,3,13,0.1590046479310249,-4909.222354257261
2,2,2,13,0.8733157816663708,-13767.549634420371
2,2,3,13,0.12668421833362925,-13767.549634420371
3,0,3,13,1.0,0.0
3,1,3,13,1.0,0.0
3,2,3,13,1.0,0.0
0,0,0,14,0.7145645481923928,22932.518100014004
0,0,1,14,0.20326479619551233,22932.518100014004
0,0,2,14,0.07163536041763165,22932.518100014004
0,0,3,14,0.010535295194463213,22932.518100014004
0,1,0,14,0.7662946723893251,24411.531574839188
0,1,1,14,0.16642664912769334,24411.531574839188
0,1,2,14,0.058652719095999804,24411.531574839188
0,1,3,14,0.008625959386981706,24411.531574839188
0,2,0,14,0.8213086735846546,10214.353946012081
0,2,1,14,0.12724998179344213,10214.353946012081
0,2,2,14,0.04484592747748784,10214.353946012081
0,2,3,14,0.00659541714441539,10214.353946012081
1,0,1,14,0.5777623594315203,11411.078526421166
1,0,2,14,0.41129132466735047,11411.078526421166
1,0,3,14,0.010946315901129188,11411.078526421166
1,1,1,14,0.6542854593089302,14394.758906298433
1,1,2,14,0.3367520508265394,14394.758906298433
1,1,3,14,0.008962489864530406,14394.758906298433
1,2,1,14,0.7356663176285356,6368.884157855129
1,2,2,14,0.25748095368850954,6368.884157855129
1,2,3,14,0.006852728682954831,6368.884157855129
2,0,2,14,0.7523920862841023,-785.1999558562165
2,0,3,14,0.24760791371589766,-785.1999558562165
2,1,2,14,0.797266638648047,-6248.112301684516
2,1,3,14,0.20273336135195294,-6248.112301684516
2,2,2,14,0.8449898698545233,-12435.252315177859
2,2,3,14,0.1550101301454767,-12435.252315177859
3,0,3,14,1.0,0.0
3,1,3,14,1.0,0.0
3,2,3,14,1.0,0.0
0,0,0,15,0.7314371652385018,29916.29679887103
0,0,1,15,0.18220681974989977,29916.29679887103
0,0,2,15,0.07676964376021912,29916.29679887103
0,0,3,15,0.009586371251379396,29916.29679887103
0,1,0,15,0.7840647882536493,27571.485776401612
0,1,1,15,0.14650153748661693,27571.485776401612
0,1,2,15,0.06172585010050456,27571.485776401612
0,1,3,15,0.007707824159229133,27571.485776401612
0,2,0,15,0.8820909184800609,17726.866082638226
0,2,1,15,0.07999557638888813,17726.866082638226
0,2,2,15,0.03370473130587482,17726.866082638226
0,2,3,15,0.00420877382517612,17726.866082638226
1,0,1,15,0.5720774648549152,19991.912282921585
1,0,2,15,0.41459528439806265,19991.912282921585
1,0,3,15,0.01332725074702237,19991.912282921585
1,1,1,15,0.6559332443759405,15139.970156665975
1,1,2,15,0.33335111541043616,15139.970156665975
1,1,3,15,0.010715640213623315,15139.970156665975
1,2,1,15,0.8121260779606788,3899.080513059045
1,2,2,15,0.18202276286399133,3899.080513059045
1,2,3,15,0.005851159175329829,3899.080513059045
2,0,2,15,0.7457688183200841,8741.663159913353
2,0,3,15,0.2542311816799159,8741.663159913353
2,1,2,15,0.7955880079336735,-4352.712243263497
2,1,3,15,0.2044119920663266,-4352.712243263497
2,2,2,15,0.8883830476684219,-30869.41954311457
2,2,3,15,0.11161695233157809,-30869.41954311457
3,0,3,15,1.0,0.0
3,1,3,15,1.0,0.0
3,2,3,15,1.0,0.0
0,0,0,16,0.7172300449214201,31886.486873036687
0,0,1,16,0.20650363243221048,31886.486873036687
0,0,2,16,0.06346429737989669,31886.486873036687
0,0,3,16,0.012802025266472773,31886.486873036687
0,1,0,16,0.8454795562549468,31465.04545900238
0,1,1,16,0.1128444954822842,31465.04545900238
0,1,2,16,0.0346802452558458,31465.04545900238
0,1,3,16,0.006995703006923185,31465.04545900238
0,2,0,16,0.8649461203493228,27190.079108512826
0,2,1,16,0.09862828854705312,27190.079108512826
0,2,2,16,0.030311210319630674,27190.079108512826
0,2,3,16,0.006114380783993387,27190.079108512826
1,0,1,16,0.5786651884766929,11080.967675169282
1,0,2,16,0.4093174980944358,11080.967675169282
1,0,3,16,0.012017313428871237,11080.967675169282
1,1,1,16,0.7697603975509791,15350.497784069361
1,1,2,16,0.2236727074508004,15350.497784069361
1,1,3,16,0.006566894998220529,15350.497784069361
1,2,1,16,0.7987660997707606,11220.295132141902
1,2,2,16,0.19549430600291423,11220.295132141902
1,2,3,16,0.005739594226325162,11220.295132141902
2,0,2,16,0.7478340508900208,-3756.196866510025
2,0,3,16,0.25216594910997925,-3756.196866510025
2,1,2,16,0.862203202093948,8623.215247106378
2,1,3,16,0.13779679790605204,8623.215247106378
2,2,2,16,0.8795629127796339,-5455.37829130008
2,2,3,16,0.12043708722036606,-5455.37829130008
3,0,3,16,1.0,0.0
3,1,3,16,1.0,0.0
3,2,3,16,1.0,0.0
0,0,0,17,0.7352045322049718,36733.381083554734
0,0,1,17,0.18678646705937854,36733.381083554734
0,0,2,17,0.07023970075599723,36733.381083554734
0,0,3,17,0.0077692999796524454,36733.381083554734
0,1,0,17,0.7887616447708806,25235.107130027885
0,1,1,17,0.1490073316180151,25235.107130027885
0,1,2,17,0.05603312995888433,25235.107130027885
0,1,3,17,0.006197893652219933,25235.107130027885
0,2,0,17,0.8045420614059922,22164.72860520149
0,2,1,17,0.13787584097528566,22164.72860520149
0,2,2,17,0.05184721336641007,22164.72860520149
0,2,3,17,0.0057348842523121425,22164.72860520149
1,0,1,17,0.5870239844027613,19414.059922180277
1,0,2,17,0.4028644724056521,19414.059922180277
1,0,3,17,0.010111543191586756,19414.059922180277
1,1,1,17,0.6705518602328819,21408.790967808687
1,1,2,17,0.32138174131096187,21408.790967808687
1,1,3,17,0.008066398456156245,21408.790967808687
1,2,1,17,0.6951630578515561,4096.7796510747285
1,2,2,17,0.2973731384637007,4096.7796510747285
1,2,3,17,0.007463803684743168,4096.7796510747285
2,0,2,17,0.756445571159198,859.4818696505645
2,0,3,17,0.24355442884080203,859.4818696505645
2,1,2,17,0.8057065047770255,1345.9205862722592
2,1,3,17,0.19429349522297448,1345.9205862722592
2,2,2,17,0.8202210672521263,-18236.950495807734
2,2,3,17,0.17977893274787374,-18236.950495807734
3,0,3,17,1.0,0.0
3,1,3,17,1.0,0.0
3,2,3,17,1.0,0.0
0,0,0,18,0.7171782998769725,34432.808572828304
0,0,1,18,0.20989181686501904,34432.808572828304
0,0,2,18,0.06333909422336004,34432.808572828304
0,0,3,18,0.009590789034648464,34432.808572828304
0,1,0,18,0.7981442365757452,29101.626351321698
0,1,1,18,0.14980418020032504,29101.626351321698
0,1,2,18,0.04520643647038228,29101.626351321698
0,1,3,18,0.00684514675354754,29101.626351321698
0,2,0,18,0.8624276613652769,19437.599391788423
0,2,1,18,0.1020972156445241,19437.599391788423
0,2,2,18,0.030809896537367012,19437.599391788423
0,2,3,18,0.004665226452831928,19437.599391788423
1,0,1,18,0.585015561986862,21495.9386339015
1,0,2,18,0.3968594225651269,21495.9386339015
1,0,3,18,0.01812501544801102,21495.9386339015
1,1,1,18,0.7038169259717743,11916.741563735384
1,1,2,18,0.28324687136505255,11916.741563735384
1,1,3,18,0.012936202663173186,11916.741563735384
1,2,1,18,0.7981400309465316,16448.614383519223
1,2,2,18,0.1930434575839146,16448.614383519223
1,2,3,18,0.008816511469553732,16448.614383519223
2,0,2,18,0.7550373718851885,7162.261158708765
2,0,3,18,0.24496262811481156,7162.261158708765
2,1,2,18,0.8251650482016846,-5021.141804567171
2,1,3,18,0.17483495179831537,-5021.141804567171
2,2,2,18,0.8808433666398192,-26666.518769525395
2,2,3,18,0.11915663336018077,-26666.518769525395
3,0,3,18,1.0,0.0
3,1,3,18,1.0,0.0
3,2,3,18,1.0,0.0
0,0,0,19,0.7250633617128621,27667.507178799846
0,0,1,19,0.1964124179218016,27667.507178799846
0,0,2,19,0.0717792495194094,27667.507178799846
0,0,3,19,0.006744970845926971,27667.507178799846
0,1,0,19,0.7748560281439016,25169.13571152725
0,1,1,19,0.16084095655010805,25169.13571152725
0,1,2,19,0.05877959894443721,25169.13571152725
0,1,3,19,0.005523416361553106,25169.13571152725
0,2,0,19,0.8533989160435838,17342.24534436941
0,2,1,19,0.1047305791953586,17342.24534436941
0,2,2,19,0.03827396686989961,17342.24534436941
0,2,3,19,0.0035965378911580986,17342.24534436941
1,0,1,19,0.5916639423979627,12309.58937188287
1,0,2,19,0.3996868564040451,12309.58937188287
1,0,3,19,0.008649201197992206,12309.58937188287
1,1,1,19,0.6656160399962084,10504.1595921775
1,1,2,19,0.32730118077425596,10504.1595921775
1,1,3,19,0.007082779229535624,10504.1595921775
1,2,1,19,0.7822679835037876,1198.8142190982471
1,2,2,19,0.21312010926230446,1198.8142190982471
1,2,3,19,0.004611907233907975,1198.8142190982471
2,0,2,19,0.7570630411082917,-5391.203582328726
2,0,3,19,0.2429369588917084,-5391.203582328726
2,1,2,19,0.8010603745783863,-2254.774289922185
2,1,3,19,0.1989396254216137,-2254.774289922185
2,2,2,19,0.8704617117293606,-23044.9299962204
2,2,3,19,0.12953828827063943,-23044.9299962204
3,0,3,19,1.0,0.0
3,1,3,19,1.0,0.0
3,2,3,19,1.0,0.0
0,0,0,20,0.7299584722742084,32726.330660259242
0,0,1,20,0.18449819904032533,32726.330660259242
0,0,2,20,0.06982503059162867,32726.330660259242
0,0,3,20,0.01571829809383753,32726.330660259242
0,1,0,20,0.806911951711726,32727.4332458597
0,1,1,20,0.13192192128898053,32727.4332458597
0,1,2,20,0.049927057486865614,32727.4332458597
0,1,3,20,0.011239069512427861,32727.4332458597
0,2,0,20,0.8609345004610268,30724.90220240379
0,2,1,20,0.09501255021648737,30724.90220240379
0,2,2,20,0.035958368482528404,30724.90220240379
0,2,3,20,0.008094580839957356,30724.90220240379
1,0,1,20,0.5539692548795327,9057.93334961536
1,0,2,20,0.43590308303241565,9057.93334961536
1,0,3,20,0.010127662088051593,9057.93334961536
1,1,1,20,0.6810742155949889,12598.247757251658
1,1,2,20,0.31168419262920566,12598.247757251658
1,1,3,20,0.007241591775805438,12598.247757251658
1,2,1,20,0.7703038902857089,-7823.918721991846
1,2,2,20,0.22448058453452333,-7823.918721991846
1,2,3,20,0.005215525179767742,-7823.918721991846
2,0,2,20,0.7413573544526371,-683.0974671952554
2,0,3,20,0.25864264554736277,-683.0974671952554
2,1,2,20,0.8150625051878407,-2218.26701667604
2,1,3,20,0.18493749481215924,-2218.26701667604
2,2,2,20,0.8668046762731663,-23637.54008951152
2,2,3,20,0.1331953237268338,-23637.54008951152
3,0,3,20,1.0,0.0
3,1,3,20,1.0,0.0
3,2,3,20,1.0,0.0
0,0,0,21,0.7284428594885359,28357.284916984016
0,0,1,21,0.18423433207031112,28357.284916984016
0,0,2,21,0.08077827086533869,28357.284916984016
0,0,3,21,0.006544537575814184,28357.284916984016
0,1,0,21,0.7841914301134414,28146.025543701373
0,1,1,21,0.14641245541625045,28146.025543701373
0,1,2,21,0.06419511959996453,28146.025543701373
0,1,3,21,0.005200994870343614,28146.025543701373
0,2,0,21,0.8632721462737968,16217.814332776019
0,2,1,21,0.09276119478651988,16217.814332776019
0,2,2,21,0.0406715123834698,16217.814332776019
0,2,3,21,0.0032951465562135983,16217.814332776019
1,0,1,21,0.5869858594039119,15224.864164797364
1,0,2,21,0.39801464615210347,15224.864164797364
1,0,3,21,0.014999494443984568,15224.864164797364
1,1,1,21,0.6717744528569853,18535.866321612717
1,1,2,21,0.31630533234446095,18535.866321612717
1,1,3,21,0.011920214798553742,18535.866321612717
1,2,1,21,0.792049154384539,11847.726373660731
1,2,2,21,0.2003986645958735,11847.726373660731
1,2,3,21,0.007552181019587451,11847.726373660731
2,0,2,21,0.7531413330613003,-5545.72344048724
2,0,3,21,0.2468586669386998,-5545.72344048724
2,1,2,21,0.8038194989982447,-3323.147497002614
2,1,3,21,0.19618050100175535,-3323.147497002614
2,2,2,21,0.875707721621059,-7034.007132508774
2,2,3,21,0.124292278378941,-7034.007132508774
3,0,3,21,1.0,0.0
3,1,3,21,1.0,0.0
3,2,3,21,1.0,0.0
0,0,0,22,0.7225134596922023,35588.25422731607
0,0,1,22,0.20363095593127656,35588.25422731607
0,0,2,22,0.06157066664388758,35588.25422731607
0,0,3,22,0.012284917732633719,35588.25422731607
0,1,0,22,0.817604561719865,30842.630576118223
0,1,1,22,0.13384922170743685,30842.630576118223
0,1,2,22,0.040471183630222285,30842.630576118223
0,1,3,22,0.008075032942475883,30842.630576118223
0,2,0,22,0.8429147131938708,24233.634419140933
0,2,1,22,0.1152755988798204,24233.634419140933
0,2,2,22,0.03485518907645501,24233.634419140933
0,2,3,22,0.006954498849853725,24233.634419140933
1,0,1,22,0.5701461031229016,17409.28554619347
1,0,2,22,0.4218818924181063,17409.28554619347
1,0,3,22,0.007972004458992148,17409.28554619347
1,1,1,22,0.7174515570003701,12507.070798947127
1,1,2,22,0.2773083429008786,12507.070798947127
1,1,3,22,0.005240100098751355,12507.070798947127
1,2,1,22,0.7566594667951404,5646.990753156777
1,2,2,22,0.23882757698914023,5646.990753156777
1,2,3,22,0.0045129562157193055,5646.990753156777
2,0,2,22,0.7397397820197534,4392.886864184755
2,0,3,22,0.26026021798024657,4392.886864184755
2,1,2,22,0.8289276428588758,-4948.045088156025
2,1,3,22,0.1710723571411242,-4948.045088156025
2,2,2,22,0.8526665439689298,-4466.800672104804
2,2,3,22,0.1473334560310702,-4466.800672104804
3,0,3,22,1.0,0.0
3,1,3,22,1.0,0.0
3,2,3,22,1.0,0.0
0,0,0,23,0.7097099522518715,33664.55766417982
0,0,1,23,0.223557314285631,33664.55766417982
0,0,2,23,0.05885228651432594,33664.55766417982
0,0,3,23,0.007880446948171502,33664.55766417982
0,1,0,23,0.7679898942570182,36821.65288177163
0,1,1,23,0.1786749374612712,36821.65288177163
0,1,2,23,0.04703683547998266,36821.65288177163
0,1,3,23,0.006298332801728015,36821.65288177163
0,2,0,23,0.8814440631917493,31887.374481037445
0,2,1,23,0.09130194793472861,31887.374481037445
0,2,2,23,0.024035574127113605,31887.374481037445
0,2,3,23,0.00321841474640846,31887.374481037445
1,0,1,23,0.5450977791260251,11707.518522771323
1,0,2,23,0.444928279345872,11707.518522771323
1,0,3,23,0.009973941528102907,11707.518522771323
1,1,1,23,0.6364260050028923,16384.318957756554
1,1,2,23,0.3556024670492489,16384.318957756554
1,1,3,23,0.007971527947858808,16384.318957756554
1,2,1,23,0.8142156116951634,17646.158768710644
1,2,2,23,0.18171097968918565,17646.158768710644
1,2,3,23,0.004073408615650961,17646.158768710644
2,0,2,23,0.764852482339297,203.7056264636558
2,0,3,23,0.23514751766070288,203.7056264636558
2,1,2,23,0.8120617607772911,-6053.723678022154
2,1,3,23,0.18793823922270897,-6053.723678022154
2,2,2,23,0.9039645538637691,5438.241811333748
2,2,3,23,0.09603544613623095,5438.241811333748
3,0,3,23,1.0,0.0
3,1,3,23,1.0,0.0
3,2,3,23,1.0,0.0
0,0,0,24,0.7156889617836258,37753.44846743612
0,0,1,24,0.21004189643453255,37753.44846743612
0,0,2,24,0.06395852261385553,37753.44846743612
0,0,3,24,0.010310619167986111,37753.44846743612
0,1,0,24,0.6340310872316114,28989.81862918181
0,1,1,24,0.2703686953422313,28989.81862918181
0,1,2,24,0.08232825264227481,28989.81862918181
0,1,3,24,0.01327196478388248,28989.81862918181
0,2,0,24,0.8526648571784757,17967.01282425575
0,2,1,24,0.10884752489326102,17967.01282425575
0,2,2,24,0.033144467844384184,17967.01282425575
0,2,3,24,0.005343150083879122,17967.01282425575
1,0,1,24,0.5828244029094026,22044.26942457378
1,0,2,24,0.4015864865003557,22044.26942457378
1,0,3,24,0.015589110590241682,22044.26942457378
1,1,1,24,0.4630060772225184,10752.07525677247
1,1,2,24,0.5169274143171416,10752.07525677247
1,1,3,24,0.020066508460339996,10752.07525677247
1,2,1,24,0.7838120300759467,10371.766679338565
1,2,2,24,0.20810940973278202,10371.766679338565
1,2,3,24,0.008078560191271237,10371.766679338565
2,0,2,24,0.7375263171267032,-169.59530022244144
2,0,3,24,0.2624736828732967,-169.59530022244144
2,1,2,24,0.6621404186271829,-9661.954098523802
2,1,3,24,0.3378595813728172,-9661.954098523802
2,2,2,24,0.863981371262843,-21972.35552499902
2,2,3,24,0.136018628737157,-21972.35552499902
3,0,3,24,1.0,0.0
3,1,3,24,1.0,0.0
3,2,3,24,1.0,0.0
0,0,0,25,0.7312386577536998,30560.9290691236
0,0,1,25,0.19313442424282223,30560.9290691236
0,0,2,25,0.0652222993980324,30560.9290691236
0,0,3,25,0.010404618605445533,30560.9290691236
0,1,0,25,0.8266445735679742,30778.520815013795
0,1,1,25,0.1245748372644881,30778.520815013795
0,1,2,25,0.04206944135091221,30778.520815013795
0,1,3,25,0.006711147816625516,30778.520815013795
0,2,0,25,0.8440922128280096,27407.944808019252
0,2,1,25,0.1120367998565811,27407.944808019252
0,2,2,25,0.037835293902117186,27407.944808019252
0,2,3,25,0.0060356934132920845,27407.944808019252
1,0,1,25,0.5791426359143534,8155.150355331818
1,0,2,25,0.4111575551413972,8155.150355331818
1,0,3,25,0.009699808944249426,8155.150355331818
1,1,1,25,0.7285401717064465,21204.263503704842
1,1,2,25,0.26520329414401594,21204.263503704842
1,1,3,25,0.006256534149537593,21204.263503704842
1,2,1,25,0.7558616882873782,-1081.1691611771457
1,2,2,25,0.2385114766334045,-1081.1691611771457
1,2,3,25,0.0056268350792172996,-1081.1691611771457
2,0,2,25,0.7582543701265811,-1304.6719584217135
2,0,3,25,0.24174562987341888,-1304.6719584217135
2,1,2,25,0.84407014638147,7632.780407113536
2,1,3,25,0.15592985361852996,7632.780407113536
2,2,2,25,0.8597639604823688,5943.829468572963
2,2,3,25,0.1402360395176312,5943.829468572963
3,0,3,25,1.0,0.0
3,1,3,25,1.0,0.0
3,2,3,25,1.0,0.0
0,0,0,26,0.7119614467108606,34331.98828394165
0,0,1,26,0.21554763779486463,34331.98828394165
0,0,2,26,0.06464640456051636,34331.98828394165
0,0,3,26,0.007844510933758462,34331.98828394165
0,1,0,26,0.8156876462382568,32157.865746330033
0,1,1,26,0.13792630193457203,32157.865746330033
0,1,2,26,0.04136644504953469,32157.865746330033
0,1,3,26,0.005019606777636413,32157.865746330033
0,2,0,26,0.8507398119412022,28478.350361809735
0,2,1,26,0.11169574553652023,28478.350361809735
0,2,2,26,0.03349945481895886,28478.350361809735
0,2,3,26,0.004064987703318783,28478.350361809735
1,0,1,26,0.596542964253244,17072.63623517556
1,0,2,26,0.3874849598003283,17072.63623517556
1,0,3,26,0.01597207594642758,17072.63623517556
1,1,1,26,0.7418327683878693,20373.583117638067
1,1,2,26,0.24794689520739852,20373.583117638067
1,1,3,26,0.010220336404732203,20373.583117638067
1,2,1,26,0.79093051141402,7166.305114253366
1,2,2,26,0.2007928359218483,7166.305114253366
1,2,3,26,0.008276652664131651,7166.305114253366
2,0,2,26,0.7522813346840447,-11006.790623878696
2,0,3,26,0.2477186653159553,-11006.790623878696
2,1,2,26,0.8414878503112426,-6215.582826777416
2,1,3,26,0.1585121496887574,-6215.582826777416
2,2,2,26,0.8716333832797096,-19060.755371258074
2,2,3,26,0.12836661672029037,-19060.755371258074
3,0,3,26,1.0,0.0
3,1,3,26,1.0,0.0
3,2,3,26,1.0,0.0
0,0,0,27,0.7339790805527331,36546.8915072859
0,0,1,27,0.19008302779174951,36546.8915072859
0,0,2,27,0.06700051800777511,36546.8915072859
0,0,3,27,0.008937373647742273,36546.8915072859
0,1,0,27,0.7889340895505915,31511.065053629216
0,1,1,27,0.15081538476450077,31511.065053629216
0,1,2,27,0.05315944837449636,31511.065053629216
0,1,3,27,0.007091077310411327,31511.065053629216
0,2,0,27,0.8640212504574025,23453.163427632826
0,2,1,27,0.0971624806127948,23453.163427632826
0,2,2,27,0.03424785793663699,23453.163427632826
0,2,3,27,0.004568410993165763,23453.163427632826
1,0,1,27,0.5663840825234813,18154.21745427237
1,0,2,27,0.4124174382352711,18154.21745427237
1,0,3,27,0.021198479241247643,18154.21745427237
1,1,1,27,0.6559611229158269,21620.88843779833
1,1,2,27,0.32721961215383094,21620.88843779833
1,1,3,27,0.01681926493034226,21620.88843779833
1,2,1,27,0.7783537085627159,10212.84229950776
1,2,2,27,0.21081051692218633,10212.84229950776
1,2,3,27,0.010835774515097752,10212.84229950776
2,0,2,27,0.7571909104039843,1907.9327179975917
2,0,3,27,0.24280908959601566,1907.9327179975917
2,1,2,27,0.8073507840381176,3445.0392594834047
2,1,3,27,0.1926492159618824,3445.0392594834047
2,2,2,27,0.875886165458549,-13212.393259596582
2,2,3,27,0.12411383454145099,-13212.393259596582
3,0,3,27,1.0,0.0
3,1,3,27,1.0,0.0
3,2,3,27,1.0,0.0
0,0,0,28,0.7333294157264543,30875.532252293684
0,0,1,28,0.20176820758895975,30875.532252293684
0,0,2,28,0.05696500325142502,30875.532252293684
0,0,3,28,0.0079373734331609,30875.532252293684
0,1,0,28,0.8475968880437391,29624.203007366057
0,1,1,28,0.11531119119929419,29624.203007366057
0,1,2,28,0.032555685854013146,29624.203007366057
0,1,3,28,0.004536234902953541,29624.203007366057
0,2,0,28,0.8488483924122445,22007.51787904332
0,2,1,28,0.11436427838582823,22007.51787904332
0,2,2,28,0.03228834496744597,22007.51787904332
0,2,3,28,0.004498984234481351,22007.51787904332
1,0,1,28,0.567248022959796,10927.359929712486
1,0,2,28,0.41467255196080877,10927.359929712486
1,0,3,28,0.01807942507939523,10927.359929712486
1,1,1,28,0.7526808283492628,11352.579577794251
1,1,2,28,0.23698672102823629,11352.579577794251
1,1,3,28,0.010332450622500999,11352.579577794251
1,2,1,28,0.7547117647242683,14370.319421520318
1,2,2,28,0.2350406327047268,14370.319421520318
1,2,3,28,0.010247602571004932,14370.319421520318
2,0,2,28,0.7505604022512637,-259.0654112879056
2,0,3,28,0.24943959774873634,-259.0654112879056
2,1,2,28,0.8574444532546196,-11462.535786572134
2,1,3,28,0.1425555467453804,-11462.535786572134
2,2,2,28,0.8586150913552228,-4967.318820613404
2,2,3,28,0.1413849086447771,-4967.318820613404
3,0,3,28,1.0,0.0
3,1,3,28,1.0,0.0
3,2,3,28,1.0,0.0
0,0,0,29,0.7118418085708789,30575.191619476427
0,0,1,29,0.2188451112128933,30575.191619476427
0,0,2,29,0.0586107357416918,30575.191619476427
0,0,3,29,0.010702344474535908,30575.191619476427
0,1,0,29,0.7589588257765405,26043.17851795493
0,1,1,29,0.18306154101746083,26043.17851795493
0,1,2,29,0.04902723915364827,26043.17851795493
0,1,3,29,0.008952394052350321,26043.17851795493
0,2,0,29,0.8233991380892179,21212.846436852553
0,2,1,29,0.13412159159342973,21212.846436852553
0,2,2,29,0.03592022283966146,21212.846436852553
0,2,3,29,0.006559047477690864,21212.846436852553
1,0,1,29,0.5823113275043142,8990.863359922801
1,0,2,29,0.40774379122197696,8990.863359922801
1,0,3,29,0.009944881273708779,8990.863359922801
1,1,1,29,0.6506079956329729,14989.858147168125
1,1,2,29,0.34107321999432155,14989.858147168125
1,1,3,29,0.008318784372705518,14989.858147168125
1,2,1,29,0.7440149828562052,3754.746512705173
1,2,2,29,0.249890189175077,3754.746512705173
1,2,3,29,0.006094827968717876,3754.746512705173
2,0,2,29,0.7363529247752104,-5453.93690079937
2,0,3,29,0.2636470752247896,-5453.93690079937
2,1,2,29,0.7794621062910317,-414.96206325001185
2,1,3,29,0.22053789370896829,-414.96206325001185
2,2,2,29,0.8384210405609546,-10997.49495311885
2,2,3,29,0.16157895943904543,-10997.49495311885
3,0,3,29,1.0,0.0
3,1,3,29,1.0,0.0
3,2,3,29,1.0,0.0
0,0,0,30,0.7061820429418578,21123.158532268797
0,0,1,30,0.2101344102510974,21123.158532268797
0,0,2,30,0.0731265363565655,21123.158532268797
0,0,3,30,0.010557010450479453,21123.158532268797
0,1,0,30,0.7880921013627084,20113.874591140942
0,1,1,30,0.15155350528451508,20113.874591140942
0,1,2,30,0.052740447891947095,20113.874591140942
0,1,3,30,0.007613945460829461,20113.874591140942
0,2,0,30,0.8201759750793849,10225.03297485927
0,2,1,30,0.1286075766233531,10225.03297485927
0,2,2,30,0.04475529075147416,10225.03297485927
0,2,3,30,0.006461157545787936,10225.03297485927
1,0,1,30,0.5730045725128257,6559.417523178188
1,0,2,30,0.4159610063927365,6559.417523178188
1,0,3,30,0.011034421094437776,6559.417523178188
1,1,1,30,0.6920416142277045,8148.296965515314
1,1,2,30,0.3000001213754785,8148.296965515314
1,1,3,30,0.007958264396816975,8148.296965515314
1,2,1,30,0.7386679930585457,4544.1480677430845
1,2,2,30,0.25457866200046386,4544.1480677430845
1,2,3,30,0.006753344940990402,4544.1480677430845
2,0,2,30,0.7575452725770401,-7643.677716780632
2,0,3,30,0.24245472742296,-7643.677716780632
2,1,2,30,0.8251363792829388,-5804.175285623707
2,1,3,30,0.1748636207170612,-5804.175285623707
2,2,2,30,0.8516115713867016,-10628.984802333878
2,2,3,30,0.14838842861329837,-10628.984802333878
3,0,3,30,1.0,0.0
3,1,3,30,1.0,0.0
3,2,3,30,1.0,0.0
0,0,0,31,0.6960123233426252,26760.606244756185
0,0,1,31,0.2133266647357337,26760.606244756185
0,0,2,31,0.08443333879068864,26760.606244756185
0,0,3,31,0.006227673130952468,26760.606244756185
0,1,0,31,0.693745357442614,26091.73310814167
0,1,1,31,0.21491753275984804,26091.73310814167
0,1,2,31,0.08506299424898643,26091.73310814167
0,1,3,31,0.006274115548551513,26091.73310814167
0,2,0,31,0.8503344941572226,16052.463175687928
0,2,1,31,0.10502939967336854,16052.463175687928
0,2,2,31,0.04156996921406759,16052.463175687928
0,2,3,31,0.003066136955341152,16052.463175687928
1,0,1,31,0.5959488430292488,17021.37001583057
1,0,2,31,0.39602606569531,17021.37001583057
1,0,3,31,0.00802509127544117,17021.37001583057
1,1,1,31,0.5929356610319234,18299.581942451834
1,1,2,31,0.39897940116048003,18299.581942451834
1,1,3,31,0.00808493780759651,18299.581942451834
1,2,1,31,0.8010691701080186,13553.918946729453
1,2,2,31,0.19497975082726296,13553.918946729453
1,2,3,31,0.003951079064718471,13553.918946729453
2,0,2,31,0.7518609728447365,2501.9183447909018
2,0,3,31,0.24813902715526348,2501.9183447909018
2,1,2,31,0.7500104941700468,11067.873303404356
2,1,3,31,0.24998950582995316,11067.873303404356
2,2,2,31,0.8778310574070234,-9289.046221015084
2,2,3,31,0.12216894259297661,-9289.046221015084
3,0,3,31,1.0,0.0
3,1,3,31,1.0,0.0
3,2,3,31,1.0,0.0
0,0,0,32,0.7142572596281073,30897.62241758204
0,0,1,32,0.20780131265184923,30897.62241758204
0,0,2,32,0.06718766629383846,30897.62241758204
0,0,3,32,0.010753761426205048,30897.62241758204
0,1,0,32,0.7681643863793719,28895.918410535087
0,1,1,32,0.16859831597860714,28895.918410535087
0,1,2,32,0.05451229949953342,28895.918410535087
0,1,3,32,0.008724998142487629,28895.918410535087
0,2,0,32,0.8740322577915752,20969.59429432346
0,2,1,32,0.09160779429997815,20969.59429432346
0,2,2,32,0.02961922537829915,20969.59429432346
0,2,3,32,0.00474072253014743,20969.59429432346
1,0,1,32,0.6126970089568406,17772.00345739103
1,0,2,32,0.37696563438096453,17772.00345739103
1,0,3,32,0.01033735666219487,17772.00345739103
1,1,1,32,0.6857641021125034,16557.041108848793
1,1,2,32,0.30584874718726834,16557.041108848793
1,1,3,32,0.008387150700228172,16557.041108848793
1,2,1,32,0.829260112544663,14095.520137496715
1,2,2,32,0.16618273413117857,14095.520137496715
1,2,3,32,0.004557153324158413,14095.520137496715
2,0,2,32,0.7373778543239696,-2518.7699319283965
2,0,3,32,0.26262214567603037,-2518.7699319283965
2,1,2,32,0.7869231385758855,-10200.533621999966
2,1,3,32,0.21307686142411447,-10200.533621999966
2,2,2,32,0.8842248145948148,-6323.667725244759
2,2,3,32,0.11577518540518512,-6323.667725244759
3,0,3,32,1.0,0.0
3,1,3,32,1.0,0.0
3,2,3,32,1.0,0.0
0,0,0,33,0.7218980043119932,26385.86175314452
0,0,1,33,0.20284414113486113,26385.86175314452
0,0,2,33,0.0672750041659052,26385.86175314452
0,0,3,33,0.00798285038724054,26385.86175314452
0,1,0,33,0.7306955672753962,26845.342592730118
0,1,1,33,0.19642730799068844,26845.342592730118
0,1,2,33,0.06514680625941933,26845.342592730118
0,1,3,33,0.007730318474495966,26845.342592730118
0,2,0,33,0.8673489348376106,22963.48580439095
0,2,1,33,0.0967540391679749,22963.48580439095
0,2,2,33,0.0320893093173742,22963.48580439095
0,2,3,33,0.003807716677040437,22963.48580439095
1,0,1,33,0.5606196938112276,5025.5382950305575
1,0,2,33,0.42877187920969323,5025.5382950305575
1,0,3,33,0.010608426979079303,5025.5382950305575
1,1,1,33,0.5745191838131317,-652.0395119479472
1,1,2,33,0.41520797940756526,-652.0395119479472
1,1,3,33,0.010272836779303044,-652.0395119479472
1,2,1,33,0.7904212607927321,5372.07251128813
1,2,2,33,0.20451865635891966,5372.07251128813
1,2,3,33,0.00506008284834824,5372.07251128813
2,0,2,33,0.7520713497353219,761.2570378806959
2,0,3,33,0.24792865026467809,761.2570378806959
2,1,2,33,0.7599143999289711,-15552.324285037022
2,1,3,33,0.24008560007102886,-15552.324285037022
2,2,2,33,0.881741231448123,-7707.415693200328
2,2,3,33,0.118258768551877,-7707.415693200328
3,0,3,33,1.0,0.0
3,1,3,33,1.0,0.0
3,2,3,33,1.0,0.0
0,0,0,34,0.7103084023406306,28719.93940260335
0,0,1,34,0.2117181201926271,28719.93940260335
0,0,2,34,0.07150655410967757,28719.93940260335
0,0,3,34,0.006466923357064719,28719.93940260335
0,1,0,34,0.6876383464995576,26679.981597854498
0,1,1,34,0.22828629699207129,26679.981597854498
0,1,2,34,0.07710235870935121,26679.981597854498
0,1,3,34,0.006972997799019993,26679.981597854498
0,2,0,34,0.8016460294436074,21682.68539691963
0,2,1,34,0.1449649562439939,21682.68539691963
0,2,2,34,0.04896106425957761,21682.68539691963
0,2,3,34,0.004427950052821204,21682.68539691963
1,0,1,34,0.5713525628061326,6828.306211563024
1,0,2,34,0.42034467395057507,6828.306211563024
1,0,3,34,0.008302763243292474,6828.306211563024
1,1,1,34,0.5378084026860863,4944.930518764857
1,1,2,34,0.4532390944582836,4944.930518764857
1,1,3,34,0.008952502855630044,4944.930518764857
1,2,1,34,0.7065019426756035,1992.1087680139135
1,2,2,34,0.28781309418013157,1992.1087680139135
1,2,3,34,0.005684963144264915,1992.1087680139135
2,0,2,34,0.7440628922302085,1606.1989301339036
2,0,3,34,0.25593710776979156,1606.1989301339036
2,1,2,34,0.7240343219443479,-7975.54867322461
2,1,3,34,0.27596567805565214,-7975.54867322461
2,2,2,34,0.8247579772798577,-4048.870423891334
2,2,3,34,0.17524202272014233,-4048.870423891334
3,0,3,34,1.0,0.0
3,1,3,34,1.0,0.0
3,2,3,34,1.0,0.0
0,0,0,35,0.7303491831993321,33071.3274210108
0,0,1,35,0.19916634952499646,33071.3274210108
0,0,2,35,0.06089244595249554,33071.3274210108
0,0,3,35,0.00959202132317588,33071.3274210108
0,1,0,35,0.7504979457589626,27832.746997995877
0,1,1,35,0.18428430490870293,27832.746997995877
0,1,2,35,0.05634245997533855,27832.746997995877
0,1,3,35,0.008875289356995887,27832.746997995877
0,2,0,35,0.8747712981830778,30889.72100074008
0,2,1,35,0.09249496698193913,30889.72100074008
0,2,2,35,0.028279098307812837,30889.72100074008
0,2,3,35,0.004454636527170263,30889.72100074008
1,0,1,35,0.5661923737942517,12099.605599839553
1,0,2,35,0.4253889142413155,12099.605599839553
1,0,3,35,0.008418711964432798,12099.605599839553
1,1,1,35,0.5986072092495357,10270.598647728584
1,1,2,35,0.393603139103526,10270.598647728584
1,1,3,35,0.0077896516469383075,10270.598647728584
1,2,1,35,0.7985351332787362,17168.512013598265
1,2,2,35,0.197555127515631,17168.512013598265
1,2,3,35,0.003909739205632917,17168.512013598265
2,0,2,35,0.7453574183188467,-3186.652166789383
2,0,3,35,0.25464258168115333,-3186.652166789383
2,1,2,35,0.764384740307853,-9458.755482788813
2,1,3,35,0.23561525969214697,-9458.755482788813
2,2,2,35,0.8817412818934156,-2505.6893673587365
2,2,3,35,0.11825871810658439,-2505.6893673587365
3,0,3,35,1.0,0.0
3,1,3,35,1.0,0.0
3,2,3,35,1.0,0.0
0,0,0,36,0.7293414648526664,31386.97253841483
0,0,1,36,0.19220449572136902,31386.97253841483
0,0,2,36,0.06591985250049893,31386.97253841483
0,0,3,36,0.012534186925465764,31386.97253841483
0,1,0,36,0.8109622184258232,26491.076163365193
0,1,1,36,0.13424262220281552,26491.076163365193
0,1,2,36,0.04604082657732524,26491.076163365193
0,1,3,36,0.008754332794036195,26491.076163365193
0,2,0,36,0.8766009725547301,30868.78454317649
0,2,1,36,0.08763014929388645,30868.78454317649
0,2,2,36,0.030054273675386593,30868.78454317649
0,2,3,36,0.005714604475996807,30868.78454317649
1,0,1,36,0.5770119997894693,11559.918728175544
1,0,2,36,0.4136677639338928,11559.918728175544
1,0,3,36,0.009320236276637963,11559.918728175544
1,1,1,36,0.7045697703611328,1831.6494145466131
1,1,2,36,0.28892063706856935,1831.6494145466131
1,1,3,36,0.006509592570297941,1831.6494145466131
1,2,1,36,0.8071507044158578,15040.70448951979
1,2,2,36,0.1886000000964858,15040.70448951979
1,2,3,36,0.004249295487656369,15040.70448951979
2,0,2,36,0.7566945418799778,-8219.863864642515
2,0,3,36,0.24330545812002238,-8219.863864642515
2,1,2,36,0.8300666039485475,-10492.974808124272
2,1,3,36,0.16993339605145255,-10492.974808124272
2,2,2,36,0.8890718266549653,-8796.73623755217
2,2,3,36,0.11092817334503467,-8796.73623755217
3,0,3,36,1.0,0.0
3,1,3,36,1.0,0.0
3,2,3,36,1.0,0.0
0,0,0,37,0.7226755877965175,28246.508635531263
0,0,1,37,0.2010166318617737,28246.508635531263
0,0,2,37,0.06766461953534673,28246.508635531263
0,0,3,37,0.008643160806361945,28246.508635531263
0,1,0,37,0.7802089352987245,27131.111081389678
0,1,1,37,0.15931399327061768,27131.111081389678
0,1,2,37,0.05362700907617335,27131.111081389678
0,1,3,37,0.006850062354484539,27131.111081389678
0,2,0,37,0.8633514749171379,22719.803360361228
0,2,1,37,0.09904871353655426,22719.803360361228
0,2,2,37,0.033340990020791376,22719.803360361228
0,2,3,37,0.0042588215255163495,22719.803360361228
1,0,1,37,0.5775555702525251,10906.204264631633
1,0,2,37,0.41058916456296707,10906.204264631633
1,0,3,37,0.011855265184507779,10906.204264631633
1,1,1,37,0.6651953203341008,7900.834783858783
1,1,2,37,0.32540889176350907,7900.834783858783
1,1,3,37,0.009395787902390113,7900.834783858783
1,2,1,37,0.7918451974862303,-71.84771067862675
1,2,2,37,0.20231325221872917,-71.84771067862675
1,2,3,37,0.005841550295040521,-71.84771067862675
2,0,2,37,0.747995403319997,7880.16547305753
2,0,3,37,0.252004596680003,7880.16547305753
2,1,2,37,0.8002759361362206,-2755.9817180558603
2,1,3,37,0.19972406386377942,-2755.9817180558603
2,2,2,37,0.8758275328997831,-18270.781561370826
2,2,3,37,0.12417246710021691,-18270.781561370826
3,0,3,37,1.0,0.0
3,1,3,37,1.0,0.0
3,2,3,37,1.0,0.0
0,0,0,38,0.7176554899332407,29562.424226204133
0,0,1,38,0.20588260140989806,29562.424226204133
0,0,2,38,0.07015463673287298,29562.424226204133
0,0,3,38,0.006307271923988313,29562.424226204133
0,1,0,38,0.7824205622555367,32573.787732919765
0,1,1,38,0.15865660233854476,32573.787732919765
0,1,2,38,0.05406234536629174,32573.787732919765
0,1,3,38,0.004860490039626885,32573.787732919765
0,2,0,38,0.8383434989157517,25066.844135651176
0,2,1,38,0.11787819416137242,25066.844135651176
0,2,2,38,0.04016707499073098,25066.844135651176
0,2,3,38,0.003611231932144817,25066.844135651176
1,0,1,38,0.5968862758094137,16665.112862079015
1,0,2,38,0.39596356550576006,16665.112862079015
1,0,3,38,0.007150158684826426,16665.112862079015
1,1,1,38,0.6893537705559567,18893.090442219564
1,1,2,38,0.30513619666153796,18893.090442219564
1,1,3,38,0.005510032782505243,18893.090442219564
1,2,1,38,0.7691970204191941,12639.749790848055
1,2,2,38,0.2267091523804367,12639.749790848055
1,2,3,38,0.004093827200369112,12639.749790848055
2,0,2,38,0.7496215037132508,10184.477972320443
2,0,3,38,0.2503784962867492,10184.477972320443
2,1,2,38,0.8070541111902826,4082.678681818954
2,1,3,38,0.19294588880971744,4082.678681818954
2,2,2,38,0.8566456572968921,-6584.928230463844
2,2,3,38,0.14335434270310787,-6584.928230463844
3,0,3,38,1.0,0.0
3,1,3,38,1.0,0.0
3,2,3,38,1.0,0.0
0,0,0,39,0.7225694360024516,29807.49359527744
0,0,1,39,0.19264317922819804,29807.49359527744
0,0,2,39,0.07201672615092161,29807.49359527744
0,0,3,39,0.012770658618428615,29807.49359527744
0,1,0,39,0.7649856638013296,27136.937796958144
0,1,1,39,0.16319005461098568,27136.937796958144
0,1,2,39,0.061006122929230834,27136.937796958144
0,1,3,39,0.010818158658453918,27136.937796958144
0,2,0,39,0.8770807261600332,30168.98297545736
0,2,1,39,0.08535310370908501,30168.98297545736
0,2,2,39,0.03190796123992043,30168.98297545736
0,2,3,39,0.005658208890961386,30168.98297545736
1,0,1,39,0.5497918007259287,8869.709498555188
1,0,2,39,0.43892062853489533,8869.709498555188
1,0,3,39,0.011287570739175834,8869.709498555188
1,1,1,39,0.6186239195169224,6945.384040898272
1,1,2,39,0.3718142610990158,6945.384040898272
1,1,3,39,0.009561819384061762,6945.384040898272
1,2,1,39,0.8005293139509425,4648.771176868966
1,2,2,39,0.19446957882177662,4648.771176868966
1,2,3,39,0.005001107227280886,4648.771176868966
2,0,2,39,0.7411076634345853,-124.87662009115593
2,0,3,39,0.2588923365654147,-124.87662009115593
2,1,2,39,0.780689590403668,-6195.967241304337
2,1,3,39,0.219310409596332,-6195.967241304337
2,2,2,39,0.8852943325536609,-9956.971319467259
2,2,3,39,0.1147056674463391,-9956.971319467259
3,0,3,39,1.0,0.0
3,1,3,39,1.0,0.0
3,2,3,39,1.0,0.0
0,0,0,40,0.7236629051252097,28116.58454101545
0,0,1,40,0.1919271405228951,28116.58454101545
0,0,2,40,0.07098471811820632,28116.58454101545
0,0,3,40,0.01342523623368888,28116.58454101545
0,1,0,40,0.8176326981471177,28265.127641570085
0,1,1,40,0.12666136909834205,28265.127641570085
0,1,2,40,0.04684601436470292,28265.127641570085
0,1,3,40,0.008859918389837388,28265.127641570085
0,2,0,40,0.8874386872173143,19942.555968772875
0,2,1,40,0.078178323853599,19942.555968772875
0,2,2,40,0.028914442567019704,19942.555968772875
0,2,3,40,0.005468546362067006,19942.555968772875
1,0,1,40,0.5785679508824657,16311.214035508878
1,0,2,40,0.4069115643413319,16311.214035508878
1,0,3,40,0.014520484776202453,16311.214035508878
1,1,1,40,0.7218779992359704,15406.981371223705
1,1,2,40,0.2685392785043498,15406.981371223705
1,1,3,40,0.009582722259679778,15406.981371223705
1,2,1,40,0.8283366743836513,13769.414567740372
1,2,2,40,0.16574864800351882,13769.414567740372
1,2,3,40,0.005914677612829814,13769.414567740372
2,0,2,40,0.7413136283133134,7588.910568767113
2,0,3,40,0.2586863716866866,7588.910568767113
2,1,2,40,0.8292812057968961,2055.460465380631
2,1,3,40,0.17071879420310382,2055.460465380631
2,2,2,40,0.8946284153083509,-11847.312780329707
2,2,3,40,0.10537158469164905,-11847.312780329707
3,0,3,40,1.0,0.0
3,1,3,40,1.0,0.0
3,2,3,40,1.0,0.0
0,0,0,41,0.7172832672108962,34748.003945228855
0,0,1,41,0.20414901005067362,34748.003945228855
0,0,2,41,0.06951177523881186,34748.003945228855
0,0,3,41,0.009055947499618208,34748.003945228855
0,1,0,41,0.8059394286813861,23986.678371315535
0,1,1,41,0.14013062875240637,23986.678371315535
0,1,2,41,0.04771381829131978,23986.678371315535
0,1,3,41,0.006216124274887682,23986.678371315535
0,2,0,41,0.85030284662024,14692.639800781282
0,2,1,41,0.10809592120137744,14692.639800781282
0,2,2,41,0.036806151432805696,14692.639800781282
0,2,3,41,0.004795080745576757,14692.639800781282
1,0,1,41,0.584078506710644,9284.591840775229
1,0,2,41,0.40546690856154166,9284.591840775229
1,0,3,41,0.010454584727814364,9284.591840775229
1,1,1,41,0.7145058878717551,12583.716897117094
1,1,2,41,0.27831794443147145,12583.716897117094
1,1,3,41,0.007176167696773496,12583.716897117094
1,2,1,41,0.7797715651258574,8424.306879956635
1,2,2,41,0.21469278242767503,8424.306879956635
1,2,3,41,0.005535652446467578,8424.306879956635
2,0,2,41,0.7597797469828407,-6998.413403296025
2,0,3,41,0.24022025301715927,-6998.413403296025
2,1,2,41,0.8351095844843868,-3183.461412747729
2,1,3,41,0.1648904155156132,-3183.461412747729
2,2,2,41,0.8728045287377473,-6756.172317372519
2,2,3,41,0.12719547126225272,-6756.172317372519
3,0,3,41,1.0,0.0
3,1,3,41,1.0,0.0
3,2,3,41,1.0,0.0
0,0,0,42,0.7098114435561201,31741.862967175264
0,0,1,42,0.20850344635822493,31741.862967175264
0,0,2,42,0.07514428617038314,31741.862967175264
0,0,3,42,0.006540823915271705,31741.862967175264
0,1,0,42,0.8428362584633236,30338.473380683296
0,1,1,42,0.11292375603821463,30338.473380683296
0,1,2,42,0.04069752892521144,30338.473380683296
0,1,3,42,0.0035424565732504274,30338.473380683296
0,2,0,42,0.8838478440708122,21210.008828328082
0,2,1,42,0.08345651224140253,21210.008828328082
0,2,2,42,0.03007758455884463,21210.008828328082
0,2,3,42,0.0026180591289406193,21210.008828328082
1,0,1,42,0.573837808531129,15552.96857049096
1,0,2,42,0.4177974261346648,15552.96857049096
1,0,3,42,0.008364765334206188,15552.96857049096
1,1,1,42,0.7691940532270087,19687.330907887994
1,1,2,42,0.22627565849039877,19687.330907887994
1,1,3,42,0.004530288282592472,19687.330907887994
1,2,1,42,0.8294224351187001,12062.638624144485
1,2,2,42,0.16722944688755106,12062.638624144485
1,2,3,42,0.0033481179937489332,12062.638624144485
2,0,2,42,0.7615872478486178,-1366.4186854494983
2,0,3,42,0.23841275215138213,-1366.4186854494983
2,1,2,42,0.8708776093125715,-1726.3410556539675
2,1,3,42,0.12912239068742848,-1726.3410556539675
2,2,2,42,0.904571856648146,-6144.817104868864
2,2,3,42,0.09542814335185401,-6144.817104868864
3,0,3,42,1.0,0.0
3,1,3,42,1.0,0.0
3,2,3,42,1.0,0.0
0,0,0,43,0.7209333694906858,30155.068127673767
0,0,1,43,0.2043019399080657,30155.068127673767
0,0,2,43,0.06476647718099596,30155.068127673767
0,0,3,43,0.009998213420252592,30155.068127673767
0,1,0,43,0.8022275648843135,33253.61507139338
0,1,1,43,0.1447872577267106,33253.61507139338
0,1,2,43,0.04589951827122015,33253.61507139338
0,1,3,43,0.007085659117755729,33253.61507139338
0,2,0,43,0.8787624620822991,24771.567913951814
0,2,1,43,0.08875681102057548,24771.567913951814
0,2,2,43,0.028137109115110887,24771.567913951814
0,2,3,43,0.0043436177820145435,24771.567913951814
1,0,1,43,0.5690905841460513,6818.798717424357
1,0,2,43,0.41997618647962526,6818.798717424357
1,0,3,43,0.01093322937432362,6818.798717424357
1,1,1,43,0.6946177178827224,12034.451567338256
1,1,2,43,0.29763398418179166,12034.451567338256
1,1,3,43,0.007748297935485935,12034.451567338256
1,2,1,43,0.8127959743938508,2092.5171888111945
1,2,2,43,0.1824542000594212,2092.5171888111945
1,2,3,43,0.0047498255467281324,2092.5171888111945
2,0,2,43,0.748684795233882,-3596.1006157866286
2,0,3,43,0.2513152047661179,-3596.1006157866286
2,1,2,43,0.8218947928762353,-8440.902609528413
2,1,3,43,0.17810520712376465,-8440.902609528413
2,2,2,43,0.8908187746721297,-29754.473032381575
2,2,3,43,0.10918122532787039,-29754.473032381575
3,0,3,43,1.0,0.0
3,1,3,43,1.0,0.0
3,2,3,43,1.0,0.0
0,0,0,44,0.7074475491072675,36515.21397640516
0,0,1,44,0.21113605484273554,36515.21397640516
0,0,2,44,0.07319870664438369,36515.21397640516
0,0,3,44,0.008217689405613429,36515.21397640516
0,1,0,44,0.7888141265068042,35257.5232804137
0,1,1,44,0.1524135314259233,35257.5232804137
0,1,2,44,0.052840209521725696,35257.5232804137
0,1,3,44,0.005932132545546771,35257.5232804137
0,2,0,44,0.8622881464280547,26474.331774646034
0,2,1,44,0.09938709239842264,26474.331774646034
0,2,2,44,0.03445648648748872,26474.331774646034
0,2,3,44,0.003868274686034002,26474.331774646034
1,0,1,44,0.5661111302201046,16749.26726585408
1,0,2,44,0.42380093108437683,16749.26726585408
1,0,3,44,0.01008793869551844,16749.26726585408
1,1,1,44,0.6867871054102357,13496.025464280297
1,1,2,44,0.3059306785677901,13496.025464280297
1,1,3,44,0.007282216021974177,13496.025464280297
1,2,1,44,0.7957575117921868,2901.722517123577
1,2,2,44,0.1994938397783069,2901.722517123577
1,2,3,44,0.00474864842950631,2901.722517123577
2,0,2,44,0.7489762901204294,-191.14016143801564
2,0,3,44,0.2510237098795706,-191.14016143801564
2,1,2,44,0.8187926258123972,3836.987998405566
2,1,3,44,0.18120737418760274,3836.987998405566
2,2,2,44,0.8818367773965532,-9024.282983189569
2,2,3,44,0.11816322260344685,-9024.282983189569
3,0,3,44,1.0,0.0
3,1,3,44,1.0,0.0
3,2,3,44,1.0,0.0
0,0,0,45,0.7199506891632534,32992.37186101932
0,0,1,45,0.20810523892142904,32992.37186101932
0,0,2,45,0.0629856388024433,32992.37186101932
0,0,3,45,0.008958433112874148,32992.37186101932
0,1,0,45,0.8015500309770969,35720.950043086945
0,1,1,45,0.14746859434885815,35720.950043086945
0,1,2,45,0.04463320417352916,35720.950043086945
0,1,3,45,0.006348170500515837,35720.950043086945
0,2,0,45,0.8870425634028671,32373.471346738563
0,2,1,45,0.08393891154655195,32373.471346738563
0,2,2,45,0.02540515554314068,32373.471346738563
0,2,3,45,0.0036133695074401805,32373.471346738563
1,0,1,45,0.5782348277824193,20023.920053118425
1,0,2,45,0.4129393909521218,20023.920053118425
1,0,3,45,0.0088257812654589,20023.920053118425
1,1,1,45,0.7011266154826911,13530.409558287502
1,1,2,45,0.29261921444454536,13530.409558287502
1,1,3,45,0.006254170072763552,13530.409558287502
1,2,1,45,0.8298816999145605,21176.502743053592
1,2,2,45,0.16655843548611401,21176.502743053592
1,2,3,45,0.003559864599325497,21176.502743053592
2,0,2,45,0.7494896792406489,6228.430358973004
2,0,3,45,0.25051032075935115,6228.430358973004
2,1,2,45,0.8224821005769545,3135.731440529569
2,1,3,45,0.17751789942304547,3135.731440529569
2,2,2,45,0.898957067276636,-2530.6477161850416
2,2,3,45,0.10104293272336394,-2530.6477161850416
3,0,3,45,1.0,0.0
3,1,3,45,1.0,0.0
3,2,3,45,1.0,0.0
0,0,0,46,0.7394764053228889,27505.45698622878
0,0,1,46,0.19077396641720248,27505.45698622878
0,0,2,46,0.06073676275877712,27505.45698622878
0,0,3,46,0.009012865501131357,27505.45698622878
0,1,0,46,0.741703338587801,28972.067301748328
0,1,1,46,0.18914324697154072,28972.067301748328
0,1,2,46,0.06021759013812361,28972.067301748328
0,1,3,46,0.008935824302534652,28972.067301748328
0,2,0,46,0.8692795474305344,12510.135072061097
0,2,1,46,0.09572284329730908,12510.135072061097
0,2,2,46,0.030475309252782874,12510.135072061097
0,2,3,46,0.0045223000193737395,12510.135072061097
1,0,1,46,0.5942947888198968,15567.478124742513
1,0,2,46,0.3990214418206568,15567.478124742513
1,0,3,46,0.006683769359446317,15567.478124742513
1,1,1,46,0.5977627220473839,12187.996862969503
1,1,2,46,0.39561064087840486,12187.996862969503
1,1,3,46,0.006626637074211279,12187.996862969503
1,2,1,46,0.7964331450247981,21360.561646506576
1,2,2,46,0.2002132034312041,21360.561646506576
1,2,3,46,0.003353651543997801,21360.561646506576
2,0,2,46,0.7488826944240767,4813.350466444659
2,0,3,46,0.2511173055759231,4813.350466444659
2,1,2,46,0.7510292235393194,-5548.68498814218
2,1,3,46,0.2489707764606805,-5548.68498814218
2,2,2,46,0.8739992518773828,6324.278096765687
2,2,3,46,0.12600074812261722,6324.278096765687
3,0,3,46,1.0,0.0
3,1,3,46,1.0,0.0
3,2,3,46,1.0,0.0
0,0,0,47,0.7198748292972006,34817.820493241335
0,0,1,47,0.2033554138130226,34817.820493241335
0,0,2,47,0.06728592595534925,34817.820493241335
0,0,3,47,0.009483830934427478,34817.820493241335
0,1,0,47,0.7581708204874894,31079.07115805381
0,1,1,47,0.17555463776586244,31079.07115805381
0,1,2,47,0.058087248017370134,31079.07115805381
0,1,3,47,0.00818729372927802,31079.07115805381
0,2,0,47,0.8758275827416805,33074.801255596685
0,2,1,47,0.09014232184982485,33074.801255596685
0,2,2,47,0.029826152545942997,33074.801255596685
0,2,3,47,0.0042039428625516165,33074.801255596685
1,0,1,47,0.5835613402921571,17536.539339754232
1,0,2,47,0.4051622145000137,17536.539339754232
1,0,3,47,0.011276445207829139,17536.539339754232
1,1,1,47,0.6404927870573864,17145.034187573667
1,1,2,47,0.3497723737434603,17145.034187573667
1,1,3,47,0.009734839199153236,17145.034187573667
1,2,1,47,0.8154032538882419,15987.945583114339
1,2,2,47,0.179598182590943,15987.945583114339
1,2,3,47,0.004998563520815175,15987.945583114339
2,0,2,47,0.7430423743214779,6365.7254533674495
2,0,3,47,0.2569576256785221,6365.7254533674495
2,1,2,47,0.7781711238893005,1334.8679082952258
2,1,3,47,0.2218288761106995,1334.8679082952258
2,2,2,47,0.8860971706562117,719.4017994922397
2,2,3,47,0.11390282934378826,719.4017994922397
3,0,3,47,1.0,0.0
3,1,3,47,1.0,0.0
3,2,3,47,1.0,0.0
0,0,0,48,0.7237287696998378,31571.937290655813
0,0,1,48,0.20575390857575587,31571.937290655813
0,0,2,48,0.06009745770427726,31571.937290655813
0,0,3,48,0.010419864020129066,31571.937290655813
0,1,0,48,0.8304344323111232,23394.12549606209
0,1,1,48,0.12628451494550288,23394.12549606209
0,1,2,48,0.03688570656167254,23394.12549606209
0,1,3,48,0.006395346181701389,23394.12549606209
0,2,0,48,0.8447606776264661,25050.80953156626
0,2,1,48,0.1156149965680579,25050.80953156626
0,2,2,48,0.033769309240950805,25050.80953156626
0,2,3,48,0.005855016564525189,25050.80953156626
1,0,1,48,0.5763464813040334,13797.658325313496
1,0,2,48,0.4149309451030465,13797.658325313496
1,0,3,48,0.00872257359291998,13797.658325313496
1,1,1,48,0.7399763655338905,10825.814247047601
1,1,2,48,0.25467002547329287,10825.814247047601
1,1,3,48,0.005353608992816701,10825.814247047601
1,2,1,48,0.7619452264643334,10951.578221375901
1,2,2,48,0.2331534799321054,10951.578221375901
1,2,3,48,0.004901293603561238,10951.578221375901
2,0,2,48,0.7460726112943589,898.4391425694484
2,0,3,48,0.25392738870564124,898.4391425694484
2,1,2,48,0.8441482966907363,1053.3216074694828
2,1,3,48,0.1558517033092637,1053.3216074694828
2,2,2,48,0.8573158858708657,-6508.08632090432
2,2,3,48,0.14268411412913432,-6508.08632090432
3,0,3,48,1.0,0.0
3,1,3,48,1.0,0.0
3,2,3,48,1.0,0.0
0,0,0,49,0.7098786743065201,31705.32012735126
0,0,1,49,0.21603726460308909,31705.32012735126
0,0,2,49,0.06286262660713346,31705.32012735126
0,0,3,49,0.011221434483257355,31705.32012735126
0,1,0,49,0.747425520177332,30133.695555632556
0,1,1,49,0.18807821037977424,30133.695555632556
0,1,2,49,0.05472708763353127,30133.695555632556
0,1,3,49,0.009769181809362495,30133.695555632556
0,2,0,49,0.8903856129635873,18367.62563491999
0,2,1,49,0.08162375612991032,18367.62563491999
0,2,2,49,0.023750919607750415,18367.62563491999
0,2,3,49,0.0042397112987518715,18367.62563491999
1,0,1,49,0.5808920279096593,17023.50530091384
1,0,2,49,0.40717641306510366,17023.50530091384
1,0,3,49,0.011931559025236899,17023.50530091384
1,1,1,49,0.6351320338578269,18599.622166611494
1,1,2,49,0.35448056250312937,18599.622166611494
1,1,3,49,0.010387403639043816,18599.622166611494
1,2,1,49,0.841651545769877,12788.760052787628
1,2,2,49,0.15384044184663512,12788.760052787628
1,2,3,49,0.0045080123834878505,12788.760052787628
2,0,2,49,0.7574982542053956,-1755.806256580272
2,0,3,49,0.24250174579460426,-1755.806256580272
2,1,2,49,0.7888822817359078,3369.805745086498
2,1,3,49,0.21111771826409226,3369.805745086498
2,2,2,49,0.9083773653763747,-7925.997118402902
2,2,3,49,0.09162263462362527,-7925.997118402902
3,0,3,49,1.0,0.0
3,1,3,49,1.0,0.0
3,2,3,49,1.0,0.0
